t_s,seq,capture_ms,x_mg,y_mg,z_mg,mag_mg,flags
0.000,29988,3268608,660,192,872,1110,VD
0.031,29989,3268628,648,220,832,1077,V
0.047,29990,3268650,656,132,756,1010,V
0.063,29991,3268670,648,116,788,1027,V
0.078,29992,3268689,624,140,792,1018,V
0.094,29993,3268710,636,128,784,1018,V
0.125,29994,3268730,680,180,800,1065,V
0.172,29995,3268751,696,216,788,1073,V
0.172,29996,3268770,720,224,744,1059,V
0.188,29997,3268791,744,216,716,1055,V
0.203,29998,3268811,732,208,700,1034,V
0.219,29999,3268831,728,248,668,1019,V
0.250,30000,3268852,716,224,720,1040,V
0.281,30001,3268872,700,216,744,1044,V
0.281,30002,3268892,728,188,728,1047,V
0.313,30003,3268913,736,192,696,1031,V
0.328,30004,3268933,712,212,692,1015,V
0.360,30005,3268953,732,216,704,1038,V
0.360,30006,3268973,744,212,720,1057,V
0.406,30007,3268994,672,260,688,996,V
0.422,30008,3269015,692,244,672,995,V
0.422,30009,3269034,672,260,692,999,V
0.438,30010,3269055,716,268,704,1039,V
0.469,30011,3269076,712,280,672,1018,V
0.485,30012,3269095,784,140,664,1037,V
0.516,30013,3269115,920,-212,648,1145,V
0.531,30014,3269136,952,-916,860,1576,V
0.547,30015,3269156,1256,-2296,1288,2917,V
0.547,30016,3269176,1300,-3100,1824,3825,V
0.594,30017,3269198,1260,-3844,1668,4376,V
0.641,30018,3269217,1272,-4036,-100,4233,V
0.641,30019,3269237,1156,-2424,-424,2719,V
0.656,30020,3269257,960,-528,-176,1110,V
0.656,30021,3269278,848,800,288,1201,V
0.703,30022,3269298,536,1792,-288,1892,V
0.719,30023,3269318,876,2216,748,2498,V
0.735,30024,3269339,1008,1956,1312,2562,V
0.766,30025,3269360,1256,2988,348,3260,V
0.766,30026,3269379,1268,2372,1764,3217,V
0.781,30027,3269399,1160,1528,1668,2542,V
0.813,30028,3269420,780,1292,1252,1961,V
0.828,30029,3269440,708,1372,360,1585,V
0.844,30030,3269460,932,1356,124,1650,V
0.875,30031,3269481,1072,972,1420,2027,V
0.906,30032,3269502,692,800,908,1394,V
0.906,30033,3269521,696,248,444,862,V
0.922,30034,3269541,544,-52,492,735,V
0.953,30035,3269562,688,-80,868,1110,V
0.969,30036,3269582,720,-36,896,1150,V
1.000,30037,3269602,816,80,1016,1306,V
1.016,30038,3269623,776,0,908,1194,V
1.047,30039,3269643,716,-164,772,1066,V
1.047,30040,3269663,732,-192,748,1064,V
1.078,30041,3269683,728,-60,696,1009,V
1.110,30042,3269705,708,40,712,1005,V
1.110,30043,3269724,692,92,692,983,V
1.141,30044,3269744,716,224,664,1002,V
1.172,30045,3269765,688,216,832,1101,V
1.172,30046,3269785,636,248,776,1034,V
1.188,30047,3269805,696,284,760,1069,V
1.250,30048,3269826,600,256,792,1026,V
1.250,30049,3269846,572,264,912,1108,V
1.250,30050,3269866,544,248,364,700,V
1.281,30051,3269886,564,224,784,991,V
1.313,30052,3269907,620,288,712,987,V
1.313,30053,3269927,616,324,740,1016,V
1.344,30054,3269947,672,316,792,1086,V
1.375,30055,3269968,684,236,884,1142,V
1.375,30056,3269988,648,208,872,1106,V
1.406,30057,3270008,636,240,716,987,V
1.438,30058,3270028,636,212,636,924,V
1.438,30059,3270050,656,252,900,1142,V
1.469,30060,3270069,664,220,928,1162,V
1.485,30061,3270089,620,252,908,1128,V
1.516,30062,3270111,600,240,884,1095,V
1.516,30063,3270130,584,232,716,953,V
1.547,30064,3270150,572,276,920,1118,V
1.578,30065,3270171,608,376,860,1118,V
1.578,30066,3270191,576,412,864,1117,V
1.594,30067,3270211,564,384,796,1048,V
1.641,30068,3270231,556,408,784,1044,V
1.641,30069,3270252,572,384,768,1032,V
1.656,30070,3270272,580,352,748,1010,V
1.703,30071,3270292,600,360,708,995,V
1.703,30072,3270312,628,372,724,1028,V
1.719,30073,3270333,652,384,732,1053,V
1.766,30074,3270353,688,444,760,1117,V
1.766,30075,3270373,720,424,784,1146,V
1.781,30076,3270394,692,440,848,1180,V
1.828,30077,3270414,680,472,868,1199,V
1.828,30078,3270434,664,400,892,1182,V
1.860,30079,3270454,588,316,792,1036,V
1.891,30080,3270475,544,272,784,992,V
1.891,30081,3270495,532,192,868,1036,V
1.922,30082,3270515,592,224,900,1100,V
1.938,30083,3270536,596,268,836,1061,V
1.938,30084,3270556,576,300,716,967,V
1.969,30085,3270576,604,216,728,970,V
2.000,30086,3270598,612,196,768,1001,V
2.000,30087,3270617,628,140,880,1090,V
2.063,30088,3270637,664,128,740,1002,V
2.063,30089,3270657,628,192,684,948,V
2.063,30090,3270678,660,180,752,1017,V
2.188,30091,3270699,696,136,748,1031,V
2.188,30092,3270718,692,132,852,1106,V
2.188,30093,3270740,704,64,804,1071,V
2.188,30094,3270759,672,108,584,897,V
2.188,30095,3270779,688,140,592,918,V
2.188,30096,3270800,704,152,740,1033,V
2.235,30097,3270820,680,136,868,1111,V
2.235,30098,3270840,660,24,796,1034,V
2.297,30099,3270861,660,44,684,952,V
2.297,30100,3270881,712,72,652,968,V
2.313,30101,3270901,724,124,736,1040,V
2.328,30102,3270922,708,132,816,1088,V
2.328,30103,3270941,672,56,728,992,V
2.360,30104,3270962,680,24,716,988,V
2.422,30105,3270982,724,64,692,1004,V
2.422,30106,3271003,736,120,724,1039,V
2.422,30107,3271023,752,84,640,991,V
2.453,30108,3271044,744,140,596,964,V
2.453,30109,3271063,732,124,688,1012,V
2.485,30110,3271083,792,56,716,1069,V
2.547,30111,3271104,812,80,708,1080,V
2.547,30112,3271124,804,96,728,1089,V
2.547,30113,3271144,848,80,664,1080,V
2.563,30114,3271165,788,100,608,1000,V
2.563,30115,3271185,788,68,564,971,V
2.610,30116,3271205,776,88,644,1012,V
2.656,30117,3271225,804,92,736,1094,V
2.656,30118,3271246,792,64,688,1051,V
2.656,30119,3271266,836,36,604,1032,V
2.688,30120,3271286,804,100,564,987,V
2.688,30121,3271307,856,80,560,1026,V
2.719,30122,3271327,840,144,716,1113,V
2.781,30123,3271347,832,124,652,1064,V
2.781,30124,3271367,844,44,636,1058,V
2.781,30125,3271388,840,56,688,1087,V
2.813,30126,3271408,816,96,712,1087,V
2.813,30127,3271428,860,100,744,1142,V
2.844,30128,3271450,856,112,716,1122,V
2.906,30129,3271469,840,132,628,1057,V
2.906,30130,3271490,828,128,688,1084,V
2.906,30131,3271509,796,80,704,1066,V
2.938,30132,3271530,772,8,684,1031,V
2.969,30133,3271551,808,-84,668,1052,V
2.969,30134,3271570,856,-296,676,1130,V
3.031,30135,3271591,1008,-764,684,1438,V
3.031,30136,3271611,1244,-1608,1032,2280,V
3.031,30137,3271631,1356,-2340,1836,3269,V
3.047,30138,3271652,1628,-3400,1692,4132,V
3.078,30139,3271672,1708,-4264,460,4616,V
3.078,30140,3271692,1372,-3716,-612,4008,V
3.141,30141,3271712,976,-1848,-436,2135,V
3.141,30142,3271733,428,-268,-48,507,V
3.141,30143,3271754,-32,1064,348,1120,V
3.172,30144,3271773,648,1404,272,1570,V
3.203,30145,3271794,976,3008,824,3268,V
3.203,30146,3271814,792,3548,1044,3782,V
3.219,30147,3271834,584,2748,2164,3546,V
3.266,30148,3271854,396,1948,2132,2915,V
3.266,30149,3271875,368,1720,1724,2463,V
3.281,30150,3271895,740,1752,1264,2284,V
3.328,30151,3271915,1124,1848,112,2166,V
3.328,30152,3271936,1056,876,1556,2075,V
3.360,30153,3271956,1132,192,-2744,2975,V
3.391,30154,3271976,600,636,-48,876,V
3.391,30155,3271996,756,144,764,1084,V
3.422,30156,3272017,580,-84,372,694,V
3.438,30157,3272037,588,-196,1044,1214,V
3.438,30158,3272057,500,-304,800,991,V
3.469,30159,3272078,560,-284,904,1101,V
3.500,30160,3272098,628,-240,884,1111,V
3.500,30161,3272118,720,-120,600,945,V
3.531,30162,3272138,836,-152,796,1164,V
3.594,30163,3272159,836,-20,824,1174,V
3.594,30164,3272180,804,32,872,1187,V
3.594,30165,3272199,780,160,732,1082,V
3.625,30166,3272220,696,100,664,967,V
3.656,30167,3272241,724,56,860,1126,V
3.656,30168,3272260,716,144,820,1098,V
3.672,30169,3272280,600,244,828,1051,V
3.735,30170,3272301,620,272,748,1009,V
3.735,30171,3272321,564,248,860,1058,V
3.735,30172,3272341,600,240,876,1089,V
3.766,30173,3272362,472,284,820,988,V
3.781,30174,3272382,564,224,988,1159,V
3.828,30175,3272402,616,280,808,1054,V
3.828,30176,3272423,620,248,748,1003,V
3.828,30177,3272443,604,164,664,912,V
3.860,30178,3272463,604,240,788,1021,V
3.891,30179,3272483,436,24,240,498,V
3.891,30180,3272504,624,352,900,1150,V
3.953,30181,3272524,652,192,908,1134,V
3.953,30182,3272544,592,180,676,916,V
3.953,30183,3272565,616,180,816,1038,V
3.985,30184,3272585,640,220,780,1033,V
4.016,30185,3272605,600,192,1080,1250,V
4.016,30186,3272625,624,244,728,989,V
4.078,30187,3272646,596,244,752,990,V
4.078,30188,3272666,584,236,748,978,V
4.078,30189,3272686,576,324,816,1050,V
4.110,30190,3272707,608,292,884,1112,V
4.141,30191,3272727,624,252,936,1153,V
4.141,30192,3272747,600,220,804,1027,V
4.188,30193,3272767,620,228,828,1059,V
4.188,30194,3272788,616,288,768,1026,V
4.188,30195,3272808,616,296,840,1083,V
4.219,30196,3272828,608,332,920,1152,V
4.250,30197,3272849,568,344,876,1099,V
4.328,30198,3272870,564,352,848,1078,V
4.328,30199,3272889,592,292,816,1050,V
4.328,30200,3272909,584,372,844,1092,V
4.328,30201,3272930,576,352,804,1050,V
4.328,30202,3272951,588,340,856,1093,V
4.375,30203,3272970,644,324,912,1163,V
4.469,30204,3272992,560,408,872,1114,V
4.500,30205,3273011,548,352,736,983,V
4.500,30206,3273031,576,264,748,980,V
4.500,30207,3273051,648,292,784,1058,V
4.500,30208,3273072,604,328,924,1152,V
4.500,30209,3273092,556,244,760,973,V
4.547,30210,3273112,560,160,652,874,V
4.547,30211,3273133,668,188,756,1026,V
4.547,30212,3273153,692,320,840,1134,V
4.578,30213,3273173,652,292,708,1006,V
4.578,30214,3273193,588,208,608,871,V
4.610,30215,3273214,576,144,628,864,V
4.672,30216,3273234,712,100,744,1035,V
4.672,30217,3273255,692,196,768,1052,V
4.672,30218,3273275,712,216,668,1000,V
4.703,30219,3273295,676,168,560,894,V
4.703,30220,3273315,688,128,656,959,V
4.735,30221,3273335,716,60,796,1072,V
4.797,30222,3273356,728,20,828,1103,V
4.797,30223,3273376,744,12,820,1107,V
4.797,30224,3273396,772,36,772,1092,V
4.828,30225,3273417,744,80,668,1003,V
4.828,30226,3273437,768,72,728,1061,V
4.860,30227,3273457,768,20,812,1118,V
4.906,30228,3273478,760,-24,724,1050,V
4.906,30229,3273498,764,4,704,1039,V
4.906,30230,3273518,780,132,872,1177,V
4.938,30231,3273538,780,156,752,1095,V
4.969,30232,3273559,788,108,628,1013,V
4.969,30233,3273579,748,80,608,967,V
5.031,30234,3273599,804,60,744,1097,V
5.031,30235,3273620,776,72,840,1146,V
5.031,30236,3273640,780,52,732,1071,V
5.063,30237,3273660,760,56,568,950,V
5.078,30238,3273681,776,32,576,967,V
5.094,30239,3273702,812,64,712,1082,V
5.125,30240,3273721,788,72,696,1054,V
5.141,30241,3273741,804,24,672,1048,V
5.141,30242,3273762,812,32,588,1003,V
5.188,30243,3273782,808,48,576,993,V
5.219,30244,3273802,824,56,588,1014,V
5.219,30245,3273822,792,48,584,985,V
5.235,30246,3273843,824,32,588,1013,V
5.281,30247,3273863,816,36,624,1028,V
5.281,30248,3273883,812,44,600,1011,V
5.297,30249,3273904,824,72,580,1010,V
5.328,30250,3273924,820,64,604,1020,V
5.328,30251,3273944,852,16,640,1066,V
5.360,30252,3273964,864,-4,688,1104,V
5.391,30253,3273985,848,40,680,1088,V
5.391,30254,3274005,856,56,596,1045,V
5.422,30255,3274025,860,28,524,1007,V
5.438,30256,3274046,864,28,548,1024,V
5.438,30257,3274066,924,-48,552,1077,V
5.485,30258,3274086,1012,-132,604,1186,V
5.516,30259,3274106,1108,-436,664,1363,V
5.516,30260,3274127,1252,-1028,852,1830,V
5.547,30261,3274147,1324,-1940,1292,2681,V
5.563,30262,3274167,1196,-3064,1892,3794,V
5.563,30263,3274188,1304,-4068,1340,4477,V
5.594,30264,3274208,1296,-3860,44,4072,V
5.641,30265,3274228,1136,-2184,-412,2496,V
5.656,30266,3274250,688,-540,-204,898,V
5.656,30267,3274269,528,336,180,651,V
5.719,30268,3274289,508,1356,324,1484,V
5.719,30269,3274309,708,2184,484,2346,V
5.719,30270,3274330,1048,3052,-128,3229,V
5.750,30271,3274350,448,3264,-340,3312,V
5.781,30272,3274371,588,2640,1696,3192,V
5.781,30273,3274391,340,1908,1088,2223,V
5.844,30274,3274411,464,1592,540,1744,V
5.844,30275,3274431,972,1592,292,1888,V
5.844,30276,3274451,1032,1488,460,1868,V
5.906,30277,3274472,940,1140,176,1488,V
5.906,30278,3274492,712,288,360,848,V
5.906,30279,3274512,740,112,848,1131,V
5.969,30280,3274533,632,100,840,1056,V
5.969,30281,3274553,492,268,408,693,V
5.969,30282,3274573,500,16,676,841,V
5.985,30283,3274593,652,-280,824,1087,V
6.016,30284,3274614,760,-292,644,1038,V
6.016,30285,3274634,888,-52,804,1199,V
6.110,30286,3274654,868,152,776,1174,V
6.110,30287,3274675,836,0,1036,1331,V
6.110,30288,3274695,744,56,800,1094,V
6.110,30289,3274715,728,44,684,1000,V
6.125,30290,3274735,684,108,644,946,V
6.141,30291,3274756,724,172,604,958,V
6.188,30292,3274776,796,284,840,1192,V
6.188,30293,3274796,748,348,840,1177,V
6.203,30294,3274817,692,364,832,1142,V
6.235,30295,3274837,640,260,824,1075,V
6.266,30296,3274857,584,208,768,987,V
6.266,30297,3274877,592,176,816,1023,V
6.328,30298,3274898,624,184,748,991,V
6.328,30299,3274918,624,320,732,1014,V
6.328,30300,3274938,640,288,728,1011,V
6.344,30301,3274959,616,216,768,1008,V
6.391,30302,3274979,676,132,772,1035,V
6.438,30303,3275000,700,160,756,1043,V
6.500,30304,3275019,712,276,788,1097,V
6.547,30305,3275040,708,300,848,1145,V
6.563,30306,3275062,616,260,792,1036,V
6.563,30307,3275080,592,168,792,1003,V
6.563,30308,3275101,568,116,812,998,V
6.563,30309,3275121,584,136,772,978,V
6.563,30310,3275141,560,208,844,1034,V
6.563,30311,3275162,572,200,804,1007,V
6.563,30312,3275183,636,192,872,1096,V
6.594,30313,3275203,612,160,880,1084,V
6.625,30314,3275222,668,164,872,1111,V
6.703,30315,3275243,668,236,812,1078,V
6.735,30316,3275263,636,256,800,1054,V
6.797,30317,3275283,640,220,796,1045,V
6.813,30318,3275304,640,212,836,1074,V
6.813,30319,3275324,628,224,876,1101,V
6.813,30320,3275344,616,288,868,1103,V
6.813,30321,3275364,648,268,884,1128,V
6.813,30322,3275385,588,272,796,1026,V
6.813,30323,3275405,580,252,752,983,V
6.828,30324,3275425,644,268,796,1058,V
6.828,30325,3275446,628,292,844,1092,V
6.860,30326,3275466,648,236,816,1068,V
6.891,30327,3275486,656,228,756,1027,V
6.891,30328,3275506,636,276,748,1020,V
6.922,30329,3275527,656,284,888,1140,V
6.953,30330,3275547,660,220,920,1153,V
6.953,30331,3275567,596,128,728,950,V
6.985,30332,3275588,600,136,708,938,V
7.016,30333,3275608,596,156,752,972,V
7.016,30334,3275628,600,272,936,1145,V
7.047,30335,3275648,624,192,852,1073,V
7.078,30336,3275669,632,128,780,1012,V
7.078,30337,3275690,616,112,756,982,V
7.110,30338,3275709,680,120,756,1024,V
7.125,30339,3275730,648,204,768,1025,V
7.172,30340,3275751,684,172,792,1061,V
7.172,30341,3275770,660,104,740,997,V
7.188,30342,3275790,668,68,752,1008,V
7.219,30343,3275811,656,92,744,996,V
7.219,30344,3275831,720,152,780,1072,V
7.250,30345,3275851,676,232,748,1035,V
7.281,30346,3275872,696,136,704,999,V
7.281,30347,3275892,688,92,736,1012,V
7.313,30348,3275912,660,68,812,1049,V
7.344,30349,3275932,704,72,752,1033,V
7.344,30350,3275954,672,104,712,985,V
7.375,30351,3275973,712,28,784,1059,V
7.406,30352,3275993,688,60,740,1012,V
7.406,30353,3276014,672,80,764,1021,V
7.422,30354,3276034,688,84,672,965,V
7.469,30355,3276054,708,48,776,1052,V
7.469,30356,3276075,728,24,720,1024,V
7.485,30357,3276095,756,76,708,1039,V
7.531,30358,3276115,800,84,680,1053,V
7.531,30359,3276135,760,80,784,1095,V
7.547,30360,3276156,776,36,796,1112,V
7.610,30361,3276176,784,4,760,1092,V
7.625,30362,3276196,764,-4,648,1002,V
7.625,30363,3276217,784,16,712,1059,V
7.625,30364,3276237,804,76,808,1142,V
7.625,30365,3276258,780,24,784,1106,V
7.672,30366,3276277,788,-8,704,1057,V
7.735,30367,3276298,776,28,580,969,V
7.735,30368,3276318,776,132,556,964,V
7.735,30369,3276338,788,116,668,1040,V
7.766,30370,3276359,796,48,784,1118,V
7.781,30371,3276380,796,-16,740,1087,V
7.781,30372,3276399,796,-32,588,990,V
7.844,30373,3276419,836,16,624,1043,V
7.844,30374,3276440,868,88,684,1109,V
7.844,30375,3276460,848,100,736,1127,V
7.891,30376,3276480,872,28,704,1121,V
7.906,30377,3276501,884,12,692,1123,V
7.906,30378,3276521,848,24,656,1072,V
7.938,30379,3276541,824,88,636,1045,V
7.969,30380,3276561,820,68,556,993,V
7.969,30381,3276582,808,28,592,1002,V
8.000,30382,3276602,796,56,632,1018,V
8.031,30383,3276622,808,64,684,1061,V
8.031,30384,3276643,788,76,608,998,V
8.125,30385,3276663,816,56,516,967,V
8.125,30386,3276683,752,60,492,901,V
8.125,30387,3276703,768,-12,512,923,V
8.125,30388,3276724,792,-92,596,995,V
8.156,30389,3276744,844,-212,672,1099,V
8.156,30390,3276764,948,-560,620,1264,V
8.219,30391,3276785,1092,-1136,660,1708,V
8.219,30392,3276805,1332,-2052,976,2634,V
8.219,30393,3276825,1504,-2720,1656,3522,V
8.250,30394,3276845,1532,-3700,1036,4136,V
8.281,30395,3276866,1500,-3868,12,4149,V
8.281,30396,3276886,1352,-2840,-972,3292,V
8.328,30397,3276906,1068,-1212,-492,1689,V
8.328,30398,3276927,728,-28,356,811,V
8.328,30399,3276947,116,1296,380,1356,V
8.360,30400,3276967,152,1564,492,1647,V
8.391,30401,3276988,340,1664,1236,2101,V
8.391,30402,3277008,164,2460,2260,3345,V
8.453,30403,3277028,116,2836,2100,3531,V
8.453,30404,3277048,304,2256,2144,3127,V
8.485,30405,3277070,708,1648,700,1925,V
8.485,30406,3277089,1328,1764,1040,2441,V
8.516,30407,3277109,1328,2008,708,2509,V
8.578,30408,3277130,1120,1728,-576,2138,V
8.578,30409,3277150,908,664,500,1231,V
8.578,30410,3277170,836,520,180,1001,V
8.625,30411,3277191,680,220,192,740,V
8.625,30412,3277211,516,260,744,942,V
8.641,30413,3277231,508,184,560,778,V
8.641,30414,3277252,592,-96,1276,1410,V
8.688,30415,3277272,800,-72,792,1128,V
8.688,30416,3277292,968,-156,652,1177,V
8.719,30417,3277312,916,-92,480,1038,V
8.719,30418,3277332,824,92,1000,1299,V
8.750,30419,3277353,840,124,460,966,V
8.813,30420,3277373,788,120,172,815,V
8.813,30421,3277393,720,60,640,965,V
8.813,30422,3277414,836,16,672,1073,V
8.844,30423,3277434,824,176,656,1068,V
8.844,30424,3277454,828,260,568,1037,V
8.875,30425,3277474,836,252,692,1114,V
8.906,30426,3277495,820,136,708,1092,V
8.906,30427,3277515,828,120,640,1053,V
8.938,30428,3277535,844,180,648,1079,V
8.969,30429,3277556,820,244,668,1085,V
8.969,30430,3277576,816,188,676,1076,V
8.985,30431,3277596,788,156,656,1037,V
9.031,30432,3277616,772,192,640,1021,V
9.031,30433,3277637,744,204,640,1002,V
9.047,30434,3277657,756,192,724,1064,V
9.078,30435,3277677,796,120,592,999,V
9.078,30436,3277698,748,116,500,907,V
9.110,30437,3277718,736,144,592,955,V
9.156,30438,3277738,736,140,688,1017,V
9.156,30439,3277759,756,112,708,1042,V
9.156,30440,3277779,724,148,728,1037,V
9.203,30441,3277799,688,148,720,1007,V
9.219,30442,3277820,712,164,792,1078,V
9.219,30443,3277840,724,168,708,1026,V
9.328,30444,3277860,772,252,700,1072,V
9.328,30445,3277880,800,308,796,1170,V
9.328,30446,3277900,776,312,720,1104,V
9.328,30447,3277921,756,236,784,1114,V
9.360,30448,3277942,720,256,752,1072,V
9.360,30449,3277961,716,208,760,1065,V
9.391,30450,3277982,720,276,768,1088,V
9.422,30451,3278002,720,284,820,1128,V
9.422,30452,3278022,696,236,728,1034,V
9.500,30453,3278042,708,220,764,1065,V
9.500,30454,3278063,720,220,756,1067,V
9.500,30455,3278083,724,268,708,1048,V
9.500,30456,3278103,660,284,720,1017,V
9.531,30457,3278124,664,224,716,1002,V
9.531,30458,3278144,636,208,696,965,V
9.563,30459,3278164,668,228,760,1037,V
9.625,30460,3278184,664,204,760,1030,V
9.625,30461,3278206,692,164,816,1082,V
9.625,30462,3278225,668,164,832,1080,V
9.672,30463,3278245,676,112,836,1081,V
9.672,30464,3278266,672,144,800,1055,V
9.672,30465,3278286,672,112,764,1024,V
9.735,30466,3278306,656,128,728,988,V
9.735,30467,3278327,680,60,780,1037,V
9.735,30468,3278347,656,68,796,1034,V
9.797,30469,3278367,684,96,772,1036,V
9.813,30470,3278387,704,132,724,1018,V
9.813,30471,3278408,764,76,768,1086,V
9.860,30472,3278428,724,64,684,998,V
9.860,30473,3278448,692,92,680,975,V
9.860,30474,3278469,732,52,752,1051,V
9.891,30475,3278489,724,44,784,1068,V
9.922,30476,3278510,760,72,740,1063,V
9.922,30477,3278529,732,136,680,1008,V
9.985,30478,3278550,728,124,704,1020,V
9.985,30479,3278570,764,72,768,1086,V
9.985,30480,3278590,748,64,736,1051,V
10.016,30481,3278611,760,56,756,1073,V
10.031,30482,3278631,740,84,764,1067,V
10.031,30483,3278651,708,80,808,1077,V
10.125,30484,3278671,708,88,836,1099,V
10.125,30485,3278692,708,116,652,969,V
10.172,30486,3278712,736,152,632,982,V
10.172,30487,3278732,740,140,716,1039,V
10.172,30488,3278753,684,100,660,956,V
10.172,30489,3278773,664,48,768,1016,V
10.219,30490,3278793,696,16,800,1061,V
10.219,30491,3278813,692,20,844,1092,V
10.219,30492,3278834,732,44,716,1025,V
10.250,30493,3278854,736,108,644,984,V
10.281,30494,3278874,760,112,740,1067,V
10.281,30495,3278895,780,56,800,1119,V
10.375,30496,3278915,796,-44,812,1138,V
10.375,30497,3278935,764,-100,760,1082,V
10.375,30498,3278955,764,-72,676,1023,V
10.375,30499,3278976,704,-8,692,987,V
10.406,30500,3278996,756,-56,1024,1274,V
10.406,30501,3279016,788,-112,876,1184,V
10.469,30502,3279037,784,-72,748,1086,V
10.469,30503,3279057,764,-12,572,954,V
10.469,30504,3279077,736,28,632,971,V
10.500,30505,3279097,752,-16,732,1050,V
10.516,30506,3279118,804,-72,760,1109,V
10.516,30507,3279138,768,-20,700,1039,V
10.547,30508,3279158,764,-4,716,1047,V
10.578,30509,3279179,740,40,704,1022,V
10.610,30510,3279200,764,-4,704,1039,V
10.610,30511,3279219,784,-28,624,1002,V
10.641,30512,3279239,772,-12,624,993,V
10.703,30513,3279262,776,0,620,993,V
10.703,30514,3279280,756,40,684,1020,V
10.703,30515,3279300,776,-32,732,1067,V
10.735,30516,3279322,808,-76,732,1093,V
10.735,30517,3279341,816,-72,620,1027,V
10.766,30518,3279361,796,-36,564,976,V
10.781,30519,3279381,772,-64,600,980,V
10.781,30520,3279402,808,-128,744,1106,V
10.828,30521,3279422,860,-268,704,1143,V
10.860,30522,3279442,936,-536,720,1297,V
10.860,30523,3279463,1084,-1044,704,1662,V
10.891,30524,3279483,1148,-1828,1032,2393,V
10.922,30525,3279503,1076,-2732,1232,3184,V
10.922,30526,3279523,1344,-3600,1384,4084,V
10.938,30527,3279544,1484,-3720,504,4037,V
10.969,30528,3279564,1268,-2756,-20,3034,V
10.969,30529,3279584,1048,-1340,16,1701,V
11.000,30530,3279605,460,240,572,772,V
11.031,30531,3279625,-28,1240,556,1359,V
11.031,30532,3279645,488,1288,856,1622,V
11.063,30533,3279666,344,2256,964,2477,V
11.078,30534,3279686,268,2700,1644,3172,V
11.078,30535,3279707,32,2308,1836,2949,V
11.125,30536,3279726,252,1916,1528,2464,V
11.141,30537,3279747,452,2164,660,2307,V
11.141,30538,3279767,856,1508,916,1961,V
11.188,30539,3279787,1000,988,1516,2067,V
11.235,30540,3279808,696,1228,-96,1415,V
11.281,30541,3279828,784,624,508,1123,V
11.281,30542,3279848,908,232,1124,1463,V
11.281,30543,3279868,944,132,932,1333,V
11.281,30544,3279890,668,332,600,957,V
11.297,30545,3279909,712,164,612,953,V
11.375,30546,3279929,724,-92,656,981,V
11.422,30547,3279950,832,-116,820,1174,V
11.422,30548,3279970,800,48,868,1181,V
11.422,30549,3279990,760,176,732,1070,V
11.422,30550,3280011,740,120,544,926,V
11.422,30551,3280031,716,8,640,960,V
11.453,30552,3280051,700,100,652,962,V
11.516,30553,3280071,728,220,612,976,V
11.516,30554,3280092,712,380,728,1087,V
11.516,30555,3280112,704,300,936,1209,V
11.547,30556,3280132,680,240,880,1138,V
11.547,30557,3280152,656,252,808,1071,V
11.578,30558,3280173,644,236,728,1000,V
11.625,30559,3280193,676,240,808,1080,V
11.625,30560,3280213,684,292,764,1066,V
11.625,30561,3280234,708,316,768,1091,V
11.672,30562,3280254,676,292,772,1067,V
11.688,30563,3280274,652,244,764,1034,V
11.688,30564,3280294,652,236,772,1038,V
11.750,30565,3280315,652,208,784,1041,V
11.750,30566,3280335,612,244,772,1015,V
11.750,30567,3280355,600,280,736,990,V
11.781,30568,3280376,632,248,740,1004,V
11.781,30569,3280396,632,200,756,1005,V
11.813,30570,3280416,608,204,780,1010,V
11.860,30571,3280436,592,236,660,917,V
11.860,30572,3280458,616,244,732,987,V
11.860,30573,3280477,608,228,768,1006,V
11.938,30574,3280497,680,180,780,1050,V
11.938,30575,3280518,676,268,740,1037,V
11.938,30576,3280538,712,244,712,1036,V
11.985,30577,3280558,676,196,728,1013,V
11.985,30578,3280578,700,76,840,1096,V
11.985,30579,3280599,704,56,836,1094,V
12.016,30580,3280619,732,80,816,1099,V
12.063,30581,3280640,716,140,620,957,V
12.063,30582,3280660,672,188,600,920,V
12.110,30583,3280680,720,128,752,1049,V
12.110,30584,3280700,748,60,740,1054,V
12.110,30585,3280720,756,44,824,1119,V
12.141,30586,3280741,704,136,808,1080,V
12.172,30587,3280762,724,204,844,1131,V
12.172,30588,3280781,720,192,856,1135,V
12.235,30589,3280802,744,184,784,1096,V
12.235,30590,3280822,712,176,784,1074,V
12.235,30591,3280842,636,216,624,917,V
12.266,30592,3280862,636,184,708,969,V
12.297,30593,3280883,644,96,836,1060,V
12.297,30594,3280903,692,100,928,1162,V
12.344,30595,3280923,708,36,760,1039,V
12.344,30596,3280944,668,96,616,914,V
12.344,30597,3280964,632,100,692,942,V
12.391,30598,3280984,604,64,792,998,V
12.422,30599,3281004,680,-36,868,1103,V
12.422,30600,3281025,700,-48,820,1079,V
12.469,30601,3281045,688,12,764,1028,V
12.469,30602,3281065,712,132,732,1030,V
12.469,30603,3281086,688,92,764,1032,V
12.500,30604,3281106,700,24,820,1078,V
12.531,30605,3281126,724,16,772,1058,V
12.531,30606,3281147,688,20,708,987,V
12.594,30607,3281167,688,104,740,1016,V
12.594,30608,3281187,716,188,732,1041,V
12.594,30609,3281207,628,220,740,995,V
12.625,30610,3281228,660,108,756,1009,V
12.656,30611,3281248,656,4,764,1007,V
12.656,30612,3281268,712,-4,804,1074,V
12.688,30613,3281289,732,72,852,1126,V
12.719,30614,3281309,740,112,788,1087,V
12.750,30615,3281329,732,96,756,1057,V
12.750,30616,3281349,724,40,804,1083,V
12.781,30617,3281370,720,4,816,1088,V
12.797,30618,3281391,740,4,772,1069,V
12.813,30619,3281410,736,84,752,1056,V
12.828,30620,3281431,712,108,688,996,V
12.860,30621,3281451,696,108,720,1007,V
12.860,30622,3281471,684,4,800,1053,V
12.891,30623,3281491,700,-72,872,1121,V
12.922,30624,3281512,660,-8,812,1046,V
12.922,30625,3281532,672,40,728,992,V
12.953,30626,3281552,668,76,700,971,V
12.985,30627,3281573,696,60,792,1056,V
12.985,30628,3281593,700,-32,860,1109,V
13.016,30629,3281613,784,-96,840,1153,V
13.047,30630,3281633,788,20,796,1120,V
13.047,30631,3281654,780,84,804,1123,V
13.078,30632,3281674,748,44,832,1120,V
13.110,30633,3281694,724,-56,792,1075,V
13.110,30634,3281715,720,-64,752,1043,V
13.141,30635,3281735,712,-84,756,1042,V
13.156,30636,3281755,720,-36,804,1080,V
13.156,30637,3281775,712,-8,804,1074,V
13.188,30638,3281796,760,0,752,1069,V
13.219,30639,3281816,764,4,776,1089,V
13.235,30640,3281836,728,40,728,1030,V
13.250,30641,3281857,728,0,692,1004,V
13.281,30642,3281877,748,-8,780,1081,V
13.281,30643,3281897,752,-4,712,1036,V
13.313,30644,3281917,740,32,724,1036,V
13.344,30645,3281938,704,16,636,949,V
13.344,30646,3281959,672,-48,664,946,V
13.406,30647,3281978,732,-160,660,999,V
13.406,30648,3281999,808,-312,736,1137,V
13.438,30649,3282020,928,-604,804,1368,V
13.438,30650,3282039,1060,-1260,1012,1933,V
13.469,30651,3282060,1316,-2228,1424,2954,V
13.516,30652,3282081,1380,-3240,1708,3914,V
13.516,30653,3282100,1224,-3948,1324,4340,V
13.516,30654,3282120,1212,-3720,604,3959,V
13.547,30655,3282142,1028,-2372,-200,2593,V
13.547,30656,3282161,712,-1008,-60,1236,V
13.578,30657,3282181,64,320,380,501,V
13.641,30658,3282202,-164,1268,408,1342,V
13.641,30659,3282222,-244,1968,896,2176,V
13.641,30660,3282242,-436,2568,1312,2917,V
13.703,30661,3282263,-352,2996,872,3140,V
13.703,30662,3282283,-192,2544,1532,2976,V
13.703,30663,3282303,184,1940,1628,2539,V
13.766,30664,3282324,568,1736,1380,2289,V
13.766,30665,3282344,940,1968,1104,2444,V
13.766,30666,3282364,1036,1448,876,1984,V
13.797,30667,3282384,824,1068,-176,1360,V
13.797,30668,3282404,940,604,-1064,1543,V
13.891,30669,3282425,556,508,488,897,V
13.891,30670,3282445,836,168,636,1064,V
13.891,30671,3282465,864,224,1032,1364,V
13.891,30672,3282486,728,284,1276,1496,V
13.922,30673,3282506,752,28,936,1201,V
13.922,30674,3282526,688,-24,900,1133,V
13.938,30675,3282546,660,-88,792,1035,V
14.000,30676,3282567,568,-44,548,790,V
14.000,30677,3282587,564,-28,664,872,V
14.000,30678,3282607,528,0,1404,1500,V
14.031,30679,3282628,580,156,752,962,V
14.031,30680,3282649,564,328,784,1020,V
14.063,30681,3282668,456,276,820,978,V
14.125,30682,3282688,532,100,916,1064,V
14.125,30683,3282710,552,68,1000,1144,V
14.125,30684,3282729,544,60,952,1098,V
14.156,30685,3282749,556,200,812,1004,V
14.188,30686,3282771,612,208,860,1076,V
14.188,30687,3282790,632,284,832,1083,V
14.235,30688,3282810,580,328,796,1038,V
14.250,30689,3282830,612,272,924,1141,V
14.250,30690,3282851,592,200,984,1166,V
14.281,30691,3282871,576,180,936,1114,V
14.313,30692,3282892,616,292,792,1045,V
14.313,30693,3282912,548,232,1044,1202,V
14.360,30694,3282932,560,224,1016,1182,V
14.360,30695,3282952,488,136,2488,2539,V
14.360,30696,3282972,468,296,840,1006,V
14.391,30697,3282993,448,324,872,1033,V
14.422,30698,3283014,492,356,900,1086,V
14.422,30699,3283033,432,396,920,1091,V
14.469,30700,3283054,492,360,868,1061,V
14.469,30701,3283074,548,296,916,1108,V
14.469,30702,3283094,616,288,924,1147,V
14.516,30703,3283115,664,316,1000,1241,V
14.547,30704,3283135,648,364,820,1107,V
14.547,30705,3283155,616,268,708,976,V
14.578,30706,3283175,632,200,696,961,V
14.610,30707,3283196,584,216,776,995,V
14.610,30708,3283216,564,216,796,999,V
14.641,30709,3283236,528,228,656,872,V
14.672,30710,3283257,512,224,692,889,V
14.672,30711,3283277,484,172,788,941,V
14.688,30712,3283297,472,116,904,1026,V
14.719,30713,3283317,548,44,736,919,V
14.719,30714,3283339,624,52,816,1029,V
14.750,30715,3283358,568,128,760,957,V
14.781,30716,3283378,556,168,752,950,V
14.781,30717,3283399,580,148,772,977,V
14.813,30718,3283419,608,76,900,1089,V
14.844,30719,3283439,612,40,876,1069,V
14.875,30720,3283459,612,88,824,1030,V
14.875,30721,3283480,608,104,880,1075,V
14.891,30722,3283500,664,88,804,1046,V
14.938,30723,3283521,652,72,836,1063,V
14.938,30724,3283541,600,84,776,984,V
14.953,30725,3283561,576,68,756,953,V
15.000,30726,3283581,596,84,740,954,V
15.000,30727,3283601,632,116,812,1035,V
15.016,30728,3283622,624,104,876,1081,V
15.047,30729,3283642,600,100,840,1037,V
15.047,30730,3283662,536,64,728,906,V
15.078,30731,3283683,612,12,784,995,V
15.110,30732,3283703,648,16,872,1087,V
15.110,30733,3283723,640,44,864,1076,V
15.141,30734,3283743,640,52,824,1045,V
15.172,30735,3283764,652,12,788,1023,V
15.172,30736,3283784,672,20,732,994,V
15.203,30737,3283804,676,60,788,1040,V
15.235,30738,3283825,652,56,872,1090,V
15.235,30739,3283845,592,48,908,1085,V
15.297,30740,3283865,588,-88,868,1052,V
15.297,30741,3283885,636,-120,816,1042,V
15.297,30742,3283906,652,-84,844,1070,V
15.328,30743,3283926,628,24,848,1055,V
15.360,30744,3283946,612,80,860,1059,V
15.360,30745,3283967,660,-16,820,1053,V
15.406,30746,3283988,708,-72,736,1024,V
15.422,30747,3284007,696,-40,808,1067,V
15.422,30748,3284027,708,8,804,1071,V
15.453,30749,3284048,728,52,748,1045,V
15.469,30750,3284068,748,28,808,1101,V
15.469,30751,3284089,684,16,820,1068,V
15.516,30752,3284109,648,-36,740,984,V
15.516,30753,3284129,676,-156,732,1009,V
15.516,30754,3284149,708,-144,836,1105,V
15.563,30755,3284170,732,-80,872,1141,V
15.594,30756,3284190,776,-32,916,1201,V
15.656,30757,3284211,736,-40,832,1112,V
15.656,30758,3284230,764,-88,668,1019,V
15.656,30759,3284251,752,-88,724,1048,V
15.688,30760,3284272,796,-36,748,1093,V
15.688,30761,3284291,788,4,764,1098,V
15.719,30762,3284312,768,8,724,1055,V
15.766,30763,3284332,772,-8,728,1061,V
15.781,30764,3284352,736,-60,672,998,V
15.781,30765,3284372,748,-76,636,985,V
15.797,30766,3284393,744,-100,632,981,V
15.797,30767,3284413,732,-60,568,928,V
15.828,30768,3284433,708,-8,676,979,V
15.891,30769,3284454,776,-84,808,1123,V
15.922,30770,3284474,784,-100,828,1145,V
15.922,30771,3284494,760,-128,672,1023,V
15.922,30772,3284515,668,-72,644,931,V
15.922,30773,3284535,700,-96,700,995,V
15.938,30774,3284555,676,-208,720,1009,V
16.000,30775,3284575,780,-344,752,1137,V
16.000,30776,3284596,828,-484,716,1197,V
16.016,30777,3284616,892,-852,744,1441,V
16.047,30778,3284636,1044,-1720,976,2236,V
16.047,30779,3284656,1124,-2904,1328,3385,V
16.078,30780,3284677,1220,-4064,1392,4466,V
16.141,30781,3284697,1508,-4656,672,4940,V
16.141,30782,3284717,1512,-3428,-64,3747,V
16.141,30783,3284738,1112,-1540,-888,2097,V
16.172,30784,3284758,524,136,-624,826,V
16.172,30785,3284779,116,1304,332,1351,V
16.188,30786,3284798,512,1544,956,1887,V
16.250,30787,3284819,508,2512,1440,2940,V
16.250,30788,3284840,204,3352,1008,3506,V
16.250,30789,3284859,-80,2616,1340,2940,V
16.281,30790,3284880,-164,2044,1936,2820,V
16.313,30791,3284901,464,2276,-124,2326,V
16.313,30792,3284920,540,1988,1044,2309,V
16.375,30793,3284941,984,1724,-376,2020,V
16.375,30794,3284962,808,1160,928,1691,V
16.375,30795,3284981,656,604,-132,901,V
16.406,30796,3285001,628,32,924,1118,V
16.422,30797,3285022,660,384,800,1106,V
16.422,30798,3285042,476,528,624,946,V
16.469,30799,3285062,360,128,656,759,V
16.485,30800,3285083,476,-268,944,1091,V
16.485,30801,3285103,736,-320,996,1279,V
16.516,30802,3285123,812,-68,-704,1077,V
16.547,30803,3285143,712,332,796,1118,V
16.547,30804,3285164,628,148,968,1163,V
16.578,30805,3285184,520,-52,872,1017,V
16.610,30806,3285204,484,-64,700,853,V
16.641,30807,3285225,480,88,836,968,V
16.641,30808,3285245,508,116,1032,1156,V
16.656,30809,3285266,500,208,1016,1151,V
16.656,30810,3285285,512,320,808,1009,V
16.703,30811,3285306,616,112,908,1103,V
16.719,30812,3285326,600,188,952,1141,V
16.719,30813,3285346,640,324,2012,2136,V
16.766,30814,3285367,492,148,804,954,V
16.797,30815,3285387,536,280,684,913,V
16.797,30816,3285407,608,72,1168,1319,V
16.828,30817,3285427,544,96,844,1009,V
16.875,30818,3285448,520,172,908,1060,V
16.875,30819,3285469,588,240,948,1141,V
16.875,30820,3285488,576,268,940,1135,V
16.906,30821,3285509,532,240,952,1117,V
16.938,30822,3285529,472,272,936,1083,V
16.938,30823,3285549,464,204,892,1026,V
16.969,30824,3285569,468,192,816,960,V
17.000,30825,3285591,484,184,988,1115,V
17.000,30826,3285610,568,156,1000,1161,V
17.063,30827,3285630,588,176,936,1119,V
17.063,30828,3285651,548,256,868,1058,V
17.063,30829,3285671,560,208,804,1002,V
17.094,30830,3285691,608,160,952,1141,V
17.125,30831,3285711,644,272,1008,1227,V
17.125,30832,3285732,604,276,920,1135,V
17.188,30833,3285752,592,152,868,1062,V
17.188,30834,3285772,580,80,836,1021,V
17.188,30835,3285793,568,164,808,1001,V
17.219,30836,3285813,608,256,824,1056,V
17.297,30837,3285833,580,272,764,997,V
17.297,30838,3285854,580,228,704,940,V
17.313,30839,3285874,632,172,744,991,V
17.313,30840,3285894,692,188,836,1101,V
17.313,30841,3285914,704,280,900,1176,V
17.328,30842,3285935,676,316,780,1079,V
17.375,30843,3285955,596,236,772,1003,V
17.375,30844,3285975,612,172,776,1003,V
17.422,30845,3285996,604,164,824,1035,V
17.422,30846,3286017,640,240,828,1074,V
17.422,30847,3286036,616,316,720,999,V
17.453,30848,3286056,624,240,688,959,V
17.485,30849,3286077,572,228,720,947,V
17.485,30850,3286097,616,172,932,1130,V
17.547,30851,3286117,588,172,904,1092,V
17.547,30852,3286138,596,184,776,996,V
17.547,30853,3286158,584,212,712,945,V
17.578,30854,3286178,564,144,668,886,V
17.610,30855,3286198,620,100,840,1049,V
17.656,30856,3286219,664,80,844,1077,V
17.656,30857,3286239,688,96,840,1090,V
17.656,30858,3286259,684,180,728,1015,V
17.688,30859,3286282,636,184,720,978,V
17.688,30860,3286300,672,60,812,1056,V
17.719,30861,3286320,680,20,860,1097,V
17.781,30862,3286341,712,52,852,1112,V
17.781,30863,3286361,704,112,748,1033,V
17.781,30864,3286381,780,188,660,1039,V
17.813,30865,3286402,732,180,732,1051,V
17.813,30866,3286422,680,48,740,1006,V
17.844,30867,3286442,652,-40,880,1096,V
17.906,30868,3286462,640,-68,864,1077,V
17.906,30869,3286483,688,28,804,1059,V
17.906,30870,3286503,732,120,768,1068,V
17.938,30871,3286523,724,120,712,1023,V
17.938,30872,3286543,664,36,596,893,V
18.031,30873,3286564,700,8,708,996,V
18.031,30874,3286584,728,8,748,1044,V
18.031,30875,3286604,736,60,824,1106,V
18.031,30876,3286625,724,48,744,1039,V
18.047,30877,3286645,728,56,676,995,V
18.047,30878,3286665,772,32,672,1024,V
18.078,30879,3286685,808,0,716,1080,V
18.141,30880,3286706,800,44,736,1088,V
18.141,30881,3286726,776,52,672,1028,V
18.141,30882,3286746,760,0,712,1041,V
18.172,30883,3286768,764,-88,776,1093,V
18.172,30884,3286787,744,-92,796,1093,V
18.203,30885,3286807,728,-68,740,1040,V
18.266,30886,3286827,716,-36,748,1036,V
18.266,30887,3286849,744,-24,752,1058,V
18.266,30888,3286868,784,-24,780,1106,V
18.297,30889,3286888,716,28,720,1016,V
18.328,30890,3286909,732,32,732,1036,V
18.328,30891,3286929,692,-12,776,1040,V
18.344,30892,3286949,748,-32,764,1070,V
18.391,30893,3286969,760,0,712,1041,V
18.391,30894,3286990,736,68,632,972,V
18.422,30895,3287010,748,72,728,1046,V
18.438,30896,3287031,756,24,732,1053,V
18.438,30897,3287051,756,-12,728,1050,V
18.469,30898,3287071,744,36,692,1017,V
18.500,30899,3287091,760,24,688,1025,V
18.500,30900,3287111,748,24,844,1128,V
18.531,30901,3287132,748,8,844,1128,V
18.563,30902,3287152,696,4,764,1034,V
18.563,30903,3287172,680,-32,720,991,V
18.594,30904,3287193,684,-76,720,996,V
18.625,30905,3287214,724,-48,716,1019,V
18.625,30906,3287233,784,-100,756,1094,V
18.688,30907,3287253,840,-312,840,1228,V
18.688,30908,3287274,988,-760,960,1573,V
18.688,30909,3287294,1100,-1428,1232,2183,V
18.719,30910,3287314,1180,-2368,1320,2957,V
18.735,30911,3287335,1140,-3144,1136,3532,V
18.735,30912,3287355,1100,-3336,1072,3673,V
18.781,30913,3287375,856,-2740,100,2872,V
18.797,30914,3287396,800,-1708,32,1886,V
18.813,30915,3287416,612,-528,548,977,V
18.828,30916,3287436,20,756,796,1098,V
18.860,30917,3287456,-124,1468,672,1619,V
18.860,30918,3287477,492,1420,832,1718,V
18.891,30919,3287497,612,2164,-344,2275,V
18.922,30920,3287518,548,2636,1212,2953,V
18.922,30921,3287539,636,1900,712,2126,V
18.953,30922,3287558,556,2112,484,2237,V
18.985,30923,3287578,516,1804,176,1885,V
18.985,30924,3287599,404,1280,108,1347,V
19.016,30925,3287619,768,900,776,1415,V
19.063,30926,3287639,768,860,392,1218,V
19.063,30927,3287660,744,948,320,1247,V
19.063,30928,3287680,796,716,564,1210,V
19.110,30929,3287700,712,524,884,1250,V
19.141,30930,3287722,744,212,1288,1502,V
19.141,30931,3287740,568,188,744,955,V
19.188,30932,3287761,532,136,928,1078,V
19.188,30933,3287781,636,4,696,943,V
19.188,30934,3287801,660,-16,592,887,V
19.219,30935,3287822,736,-8,716,1027,V
19.250,30936,3287842,796,16,800,1129,V
19.250,30937,3287862,772,108,732,1069,V
19.313,30938,3287882,680,228,872,1129,V
19.313,30939,3287903,572,320,788,1025,V
19.313,30940,3287923,540,188,640,858,V
19.344,30941,3287943,592,140,820,1021,V
19.422,30942,3287965,552,188,908,1079,V
19.422,30943,3287984,612,228,944,1148,V
19.422,30944,3288004,620,292,988,1202,V
19.422,30945,3288024,624,224,896,1115,V
19.422,30946,3288045,624,168,828,1050,V
19.469,30947,3288065,672,120,832,1076,V
19.500,30948,3288085,644,204,864,1097,V
19.500,30949,3288106,620,212,812,1043,V
19.547,30950,3288126,592,140,844,1040,V
19.563,30951,3288146,584,84,828,1017,V
19.563,30952,3288166,572,80,804,990,V
19.578,30953,3288187,560,124,708,911,V
19.610,30954,3288207,568,160,816,1007,V
19.610,30955,3288227,592,128,884,1072,V
19.672,30956,3288248,556,100,912,1073,V
19.672,30957,3288269,620,156,928,1127,V
19.672,30958,3288289,596,180,776,995,V
19.703,30959,3288309,540,212,832,1014,V
19.719,30960,3288329,524,152,828,992,V
19.781,30961,3288349,520,88,896,1040,V
19.781,30962,3288369,552,60,908,1064,V
19.781,30963,3288390,524,100,924,1067,V
19.828,30964,3288411,540,136,948,1099,V
19.828,30965,3288430,524,148,860,1018,V
19.844,30966,3288451,536,116,1032,1169,V
19.906,30967,3288471,536,148,784,961,V
19.906,30968,3288491,592,176,904,1095,V
19.906,30969,3288511,572,172,848,1037,V
19.953,30970,3288533,584,208,868,1067,V
19.953,30971,3288552,568,164,796,992,V
19.969,30972,3288572,536,132,900,1056,V
20.031,30973,3288593,568,116,852,1031,V
20.063,30974,3288613,576,112,924,1095,V
20.063,30975,3288633,556,136,828,1007,V
20.063,30976,3288653,572,184,860,1049,V
20.063,30977,3288674,568,180,924,1099,V
20.094,30978,3288694,548,196,856,1035,V
